lat,lng,indice,dateandtime,Uso del suelo,Ganadería,Vegetación de Ribera,Vegetación de Acuática,Agua – Transparencia,Agua – Olor,Basura,Desbordado,Entubado,Agua – Aceites,Vegetación en las márgenes,Exóticas – Acacia,Exóticas – Ligustro,id,Sitio
-31.081636,-64.343147,84.8,30-05-2024,"2","10","10","8","10","10","10","10","10","10","8","10","10",1,Candonga
-31.081543,-64.342949,80,30-05-2024,"2","10","8","8","10","10","10","10","10","10","8","10","2",1,Candonga
-31.081717,-64.342972,71.2,06-09-2024,"6","4","8","8","10","10","3","10","10","10","0","10","2",1,Candonga
-31.081699,-64.343048,83.3,06-09-2024,"6","10","8","10","10","10","10","10","10","10","0","10","0",1,Candonga
-31.08165,-64.343117,76.8,06-09-2024,"10","4","10","10","10","10","6","10","0","10","0","0","0",1,Candonga
-31.081715,-64.343025,70.8,06-09-2024,"0","0","10","10","10","10","10","10","10","10","0","10","0",1,Candonga
-31.081585,-64.343185,90,06-12-2024,"10","4","10","10","10","10","10","10","10","10","0","10","2",1,Candonga
-31.081755,-64.343163,73,06-12-2024,"0","0","10","8","10","10","6","10","10","10","8","10","2",1,Candonga
-31.08219,-64.343124,91.3,06-12-2024,"10","0","10","10","10","10","6","10","10","10","8","10","0",1,Candonga
-31.081669,-64.343094,79.2,06-09-2024,"6","4","10","10","10","10","10","10","10","10","0","10","0",1,Candonga
-31.081446,-64.343239,84.8,06-12-2024,"10","4","10","10","10","10","3","10","10","10","10","10","2",1,Candonga
-31.081577,-64.343147,70.4,06-12-2024,"0","0","10","10","10","10","10","10","10","10","0","2","0",1,Candonga
-31.081448,-64.343193,88.7,06-12-2024,"10","0","10","10","10","10","6","10","10","10","8","0","2",1,Candonga
-31.081852,-64.343185,61.7,07-03-2025,"10","0","8","8","10","10","5","10","0","10","8","2","0",1,Candonga
-31.081867,-64.343079,49.6,07-03-2025,"2","10","10","8","10","10","3","10","0","10","10","2","0",1,Candonga
-31.081572,-64.34314,49.6,07-03-2025,"0","0","10","10","10","10","6","10","0","10","10","2","0",1,Candonga
-31.076679,-64.3321,90.8,30-05-2024,"10","0","10","8","10","10","10","10","10","10","8","10","2",2,Vado San Francisco
-31.076546,-64.332397,83.3,30-05-2024,"10","0","10","8","10","10","7","10","10","10","8","2","0",2,Vado San Francisco
-31.076504,-64.332405,84.2,30-05-2024,"10","0","10","10","10","10","10","10","10","10","0","2","0",2,Vado San Francisco
-31.07674,-64.332024,84.2,30-05-2024,"10","0","10","10","10","10","10","10","10","10","0","2","0",2,Vado San Francisco
-31.076628,-64.332047,80.8,06-09-2024,"10","0","10","8","10","10","6","10","10","10","0","2","2",2,Vado San Francisco
-31.076706,-64.332108,85.2,06-09-2024,"10","0","8","10","10","10","10","10","10","10","0","0","0",2,Vado San Francisco
-31.076586,-64.331993,81.7,06-09-2024,"10","0","10","10","10","10","3","10","10","10","0","10","0",2,Vado San Francisco
-31.07666,-64.332054,85,06-09-2024,"10","0","10","10","10","10","10","10","10","10","0","2","2",2,Vado San Francisco
-31.076603,-64.332016,90.4,06-12-2024,"10","0","10","8","10","10","10","10","10","10","0","10","2",2,Vado San Francisco
-31.076649,-64.332024,89.6,06-12-2024,"10","0","10","8","10","10","10","10","10","10","0","10","0",2,Vado San Francisco
-31.076618,-64.332062,94.2,06-12-2024,"10","0","10","10","10","10","9","10","10","10","8","10","0",2,Vado San Francisco
-31.076702,-64.332291,83.5,06-09-2024,"10","0","10","10","10","10","6","10","10","10","0","0","0",2,Vado San Francisco
-31.076492,-64.332413,83.3,06-12-2024,"10","0","10","10","10","10","5","10","10","10","10","0","0",2,Vado San Francisco
-31.076668,-64.332077,92.2,06-12-2024,"10","0","10","10","10","10","10","10","10","10","0","10","2",2,Vado San Francisco
-31.076633,-64.332054,87,06-12-2024,"10","0","10","10","10","10","10","10","10","10","0","0","0",2,Vado San Francisco
-31.076584,-64.332016,87,06-12-2024,"10","0","10","10","10","10","10","10","10","10","0","0","0",2,Vado San Francisco
-31.076651,-64.332031,87,07-03-2025,"10","0","10","10","10","10","5","10","10","10","10","0","0",2,Vado San Francisco
-31.076471,-64.331978,83.3,07-03-2025,"10","0","10","10","10","10","5","10","10","10","10","0","0",2,Vado San Francisco
-31.07675,-64.332146,86.1,07-03-2025,"10","0","10","10","10","10","5","10","10","10","8","0","0",2,Vado San Francisco
-31.076637,-64.332054,87,07-03-2025,"10","0","10","10","10","10","6","10","10","10","8","0","0",2,Vado San Francisco
-31.072739,-64.310265,63.3,07-03-2024,"4","0","8","0","10","10","10","10","10","0","0","10","0",3,Puente Cerro Azul
-31.07266,-64.310364,83.3,07-03-2024,"10","0","10","10","10","10","10","10","10","0","0","10","0",3,Puente Cerro Azul
-31.072649,-64.310463,71.7,07-03-2024,"10","0","10","0","10","10","10","10","10","0","0","10","0",3,Puente Cerro Azul
-31.072651,-64.310425,90,07-03-2024,"10","0","10","8","10","10","10","10","10","10","0","0","2",3,Puente Cerro Azul
-31.072702,-64.310349,65,07-03-2024,"4","0","10","0","10","10","10","10","10","0","0","10","0",3,Puente Cerro Azul
-31.072458,-64.310066,87,07-03-2024,"10","0","10","8","10","10","10","10","10","10","0","2","0",3,Puente Cerro Azul
-31.072691,-64.310379,78.3,07-03-2024,"10","0","8","0","10","10","10","10","10","10","0","10","0",3,Puente Cerro Azul
-31.072573,-64.31041,61.7,07-03-2024,"4","0","10","0","10","10","10","10","10","0","0","10","0",3,Puente Cerro Azul
-31.072758,-64.310547,80,07-03-2024,"4","0","10","8","10","10","10","10","10","10","0","10","0",3,Puente Cerro Azul
-31.073067,-64.310936,90,17-03-2024,"10","0","10","8","10","10","10","10","10","10","0","10","0",3,Puente Cerro Azul
-31.072859,-64.310997,78.3,28-03-2024,"10","0","4","8","10","10","3","10","10","10","0","10","0",3,Puente Cerro Azul
-31.072626,-64.310516,73.3,28-04-2024,"4","0","10","0","10","10","10","10","10","10","0","10","0",3,Puente Cerro Azul
-31.072617,-64.310402,65,28-04-2024,"4","0","10","8","10","10","7","10","10","0","8","2","0",3,Puente Cerro Azul
-31.073685,-64.311035,77.4,28-04-2024,"10","0","4","10","10","10","10","10","10","0","10","0","0",3,Puente Cerro Azul
-31.072615,-64.310417,51,30-05-2024,"0","0","10","0","10","10","10","10","0","10","0","10","0",3,Puente Cerro Azul
-31.072557,-64.310387,83.3,30-05-2024,"4","0","10","8","10","10","10","10","10","10","8","10","0",3,Puente Cerro Azul
-31.072613,-64.310371,75,30-05-2024,"10","0","10","8","10","10","5","10","10","0","0","10","2",3,Puente Cerro Azul
-31.072401,-64.310364,94.2,30-05-2024,"10","0","10","8","10","10","10","10","10","10","10","10","0",3,Puente Cerro Azul
-31.072548,-64.310417,70.8,28-04-2024,"4","0","10","8","10","10","10","10","10","0","8","10","0",3,Puente Cerro Azul
-31.072569,-64.310173,77.4,06-09-2024,"4","0","10","10","10","10","6","10","10","10","0","10","0",3,Puente Cerro Azul
-31.072592,-64.310211,75.8,06-09-2024,"4","0","10","10","10","10","6","10","10","10","0","10","2",3,Puente Cerro Azul
-31.072536,-64.310364,76.7,06-09-2024,"4","0","10","8","10","10","6","10","10","10","8","10","0",3,Puente Cerro Azul
-31.072512,-64.310249,80,06-09-2024,"4","0","10","8","10","10","10","10","10","10","0","10","0",3,Puente Cerro Azul
-31.072601,-64.310173,75,06-09-2024,"4","0","8","8","10","10","10","10","10","10","0","10","0",3,Puente Cerro Azul
-31.072596,-64.310226,76.7,06-09-2024,"4","0","10","8","10","10","10","10","10","10","0","10","0",3,Puente Cerro Azul
-31.072611,-64.310204,76.7,06-09-2024,"4","0","8","10","10","10","10","10","10","10","0","10","0",3,Puente Cerro Azul
-31.072527,-64.310432,90,06-09-2024,"10","0","10","8","10","10","10","10","10","10","0","10","0",3,Puente Cerro Azul
-31.072536,-64.310364,76.7,06-09-2024,"4","0","10","8","10","10","6","10","10","10","8","10","0",3,Puente Cerro Azul
-31.072523,-64.310242,75,06-09-2024,"4","0","10","10","10","10","6","10","10","10","0","10","0",3,Puente Cerro Azul
-31.072603,-64.310471,80,18-10-2024,"4","0","10","8","10","10","6","10","10","10","8","10","0",3,Puente Cerro Azul
-31.072544,-64.310402,79.2,06-12-2024,"10","4","10","10","10","10","3","10","10","10","0","0","0",3,Puente Cerro Azul
-31.072544,-64.310402,79.2,06-12-2024,"10","4","10","10","10","10","3","10","10","10","0","0","0",3,Puente Cerro Azul
-31.072544,-64.310402,79.2,06-12-2024,"10","4","10","10","10","10","3","10","10","10","0","0","0",3,Puente Cerro Azul
-31.072544,-64.310402,79.2,06-12-2024,"10","4","10","10","10","10","3","10","10","10","0","0","0",3,Puente Cerro Azul
-31.072544,-64.310402,79.2,06-12-2024,"10","4","10","10","10","10","3","10","10","10","0","0","0",3,Puente Cerro Azul
-31.072657,-64.31044,70.8,06-12-2024,"4","0","10","8","10","10","5","10","10","0","8","10","0",3,Puente Cerro Azul
-31.072603,-64.310356,85,06-12-2024,"10","0","8","8","10","10","10","10","10","10","0","10","0",3,Puente Cerro Azul
-31.07254,-64.310478,73.6,06-12-2024,"4","10","10","8","10","10","6","10","10","10","8","2","0",3,Puente Cerro Azul
-31.072687,-64.310295,73.3,06-12-2024,"4","0","10","0","10","10","10","10","10","10","0","10","0",3,Puente Cerro Azul
-31.072643,-64.31031,81.7,06-12-2024,"10","0","0","8","10","10","6","10","10","10","8","10","0",3,Puente Cerro Azul
-31.072641,-64.310555,81.7,18-10-2024,"4","0","10","10","10","10","6","10","10","10","8","10","0",3,Puente Cerro Azul
-31.072517,-64.310188,84.3,06-09-2024,"4","0","10","10","10","10","10","10","10","10","8","0","0",3,Puente Cerro Azul
-31.072697,-64.310387,0,07-03-2024,NA,NA,NA,NA,NA,NA,NA,NA,NA,NA,NA,NA,NA,3,Puente Cerro Azul
-31.072556,-64.310387,77.5,06-12-2024,"10","0","10","8","10","10","3","10","10","10","0","2","0",3,Puente Cerro Azul
-31.072441,-64.310074,86.7,15-04-2024,"10","0","10","8","10","10","10","10","10","10","0","10","0",3,Puente Cerro Azul
-31.072741,-64.310341,73.3,07-03-2024,"10","0","4","8","10","10","10","10","10","0","0","2","0",3,Puente Cerro Azul
-31.072643,-64.310394,90,07-03-2025,"10","0","10","8","10","10","6","10","10","10","0","0","0",3,Puente Cerro Azul
-31.072651,-64.310341,71.3,07-03-2025,"10","0","10","8","10","10","0","10","10","0","8","0","0",3,Puente Cerro Azul
-31.072605,-64.310356,66.7,07-03-2025,"10","0","10","0","10","10","0","10","10","0","8","10","0",3,Puente Cerro Azul
-31.072746,-64.310471,90,07-03-2025,"10","0","10","8","10","10","6","10","10","10","10","0","0",3,Puente Cerro Azul
-31.072527,-64.310478,89.1,07-03-2025,"10","0","10","8","10","10","6","10","10","10","8","0","0",3,Puente Cerro Azul
-31.067951,-64.303452,90,15-09-2023,"10","0","10","8","10","10","10","10","10","10","0","10","0",4,Puenta Agua de Oro
-31.068275,-64.303276,83.3,15-09-2023,"10","0","10","0","10","10","10","10","10","10","0","10","0",4,Puenta Agua de Oro
-31.068069,-64.303307,81.7,15-09-2023,"4","0","8","8","10","10","10","10","10","10","8","10","0",4,Puenta Agua de Oro
-31.068844,-64.301399,81.7,27-10-2023,"4","0","8","8","10","10","10","10","10","10","8","10","0",4,Puenta Agua de Oro
-31.068886,-64.301231,77.4,27-10-2023,"10","0","10","10","10","0","3","0","10","10","8","2","0",4,Puenta Agua de Oro
-31.068762,-64.30127,88.2,27-10-2023,"10","0","4","8","10","10","10","10","10","10","8","2","0",4,Puenta Agua de Oro
-31.068937,-64.301353,85,27-10-2023,"10","0","4","8","10","10","10","10","10","10","8","2","0",4,Puenta Agua de Oro
-31.068911,-64.301414,79.1,27-10-2023,"4","0","4","0","10","10","6","10","10","10","8","10","10",4,Puenta Agua de Oro
-31.068764,-64.301392,71.7,27-10-2023,"4","0","8","0","10","10","10","10","10","10","0","10","0",4,Puenta Agua de Oro
-31.068693,-64.301041,80,27-10-2023,"4","0","10","8","10","10","10","10","10","10","0","10","0",4,Puenta Agua de Oro
-31.069069,-64.301208,72,27-10-2023,"2","4","10","8","10","10","10","10","10","10","10","0","0",4,Puenta Agua de Oro
-31.068857,-64.301422,73,27-10-2023,"10","0","4","0","10","10","10","0","10","10","0","0","0",4,Puenta Agua de Oro
-31.068438,-64.302299,77.4,30-05-2024,"4","0","10","8","10","10","3","10","10","10","0","10","0",4,Puenta Agua de Oro
-31.068565,-64.302391,75.8,30-05-2024,"4","0","10","8","10","10","10","10","10","10","0","10","0",4,Puenta Agua de Oro
-31.068663,-64.302322,72.5,30-05-2024,"4","0","10","10","10","10","3","10","10","10","0","10","0",4,Puenta Agua de Oro
-31.068205,-64.302094,75,30-05-2024,"4","0","8","8","10","10","6","10","10","10","0","10","0",4,Puenta Agua de Oro
-31.068363,-64.302284,64.2,30-05-2024,"4","0","4","10","10","10","3","10","10","10","0","2","0",4,Puenta Agua de Oro
-31.069014,-64.300598,75,30-05-2024,"4","0","8","8","10","10","6","10","10","10","0","10","0",4,Puenta Agua de Oro
-31.068554,-64.302399,69.2,30-05-2024,"4","0","10","8","10","10","5","10","10","10","0","2","2",4,Puenta Agua de Oro
-31.06852,-64.302757,75,30-05-2024,"4","0","10","10","10","10","10","10","10","10","0","2","0",4,Puenta Agua de Oro
-31.06934,-64.300766,81,22-06-2024,"7.7","3.1","7.7","3.8","7.7","7.7","7.7","7.7","7.7",NA,NA,NA,NA,4,Puenta Agua de Oro
-31.068663,-64.301407,81,22-06-2024,"7.7","7.7","7.7","3.8","7.7","7.7","7.7","7.7","7.7",NA,NA,NA,NA,4,Puenta Agua de Oro
-31.068411,-64.302322,72.5,06-09-2024,"4","0","8","8","10","10","3","10","10","10","0","10","0",4,Puenta Agua de Oro
-31.068365,-64.302574,90,06-09-2024,"10","0","10","8","10","10","10","10","10","10","0","10","0",4,Puenta Agua de Oro
-31.068501,-64.302399,76.7,06-09-2024,"4","0","8","10","10","10","10","10","10","10","0","2","0",4,Puenta Agua de Oro
-31.068062,-64.301819,75.8,06-09-2024,"4","0","10","10","10","10","3","10","10","10","0","10","0",4,Puenta Agua de Oro
-31.068432,-64.302299,76.7,06-09-2024,"4","0","4","10","10","10","10","10","10","10","0","10","0",4,Puenta Agua de Oro
-31.068518,-64.302429,81.7,06-09-2024,"4","0","10","10","10","10","10","10","10","10","0","10","0",4,Puenta Agua de Oro
-31.068422,-64.302216,79.2,06-09-2024,"4","0","10","10","10","10","6","10","10","10","0","10","2",4,Puenta Agua de Oro
-31.068354,-64.302231,78.3,06-09-2024,"4","0","10","10","10","10","6","10","10","10","0","10","2",4,Puenta Agua de Oro
-31.068409,-64.302376,78.3,06-09-2024,"4","0","8","8","10","10","10","10","10","10","0","10","0",4,Puenta Agua de Oro
-31.06831,-64.302299,80,06-09-2024,"4","0","10","8","10","10","6","10","10","10","8","10","0",4,Puenta Agua de Oro
-31.068432,-64.30233,88.3,06-12-2024,"10","0","10","10","10","10","10","10","10","10","0","2","0",4,Puenta Agua de Oro
-31.068419,-64.302467,85,06-12-2024,"4","0","10","10","10","10","10","10","10","10","8","10","0",4,Puenta Agua de Oro
-31.068357,-64.30246,93.3,06-12-2024,"10","0","8","10","10","10","10","10","10","10","8","10","0",4,Puenta Agua de Oro
-31.068344,-64.302399,83.3,06-12-2024,"4","0","10","8","10","10","10","10","10","10","8","10","0",4,Puenta Agua de Oro
-31.068392,-64.302399,88.3,06-12-2024,"10","0","10","10","10","10","10","10","10","10","0","10","0",4,Puenta Agua de Oro
-31.068489,-64.302406,85,06-12-2024,"4","0","10","10","10","10","10","10","10","10","8","10","0",4,Puenta Agua de Oro
-31.0683,-64.302589,72.5,06-12-2024,"4","0","4","10","10","10","10","10","10","10","10","0","0",4,Puenta Agua de Oro
-31.068325,-64.302444,82.6,06-12-2024,"4","0","10","8","10","10","10","10","10","10","8","10","0",4,Puenta Agua de Oro
-31.068434,-64.302307,84.2,06-12-2024,"10","0","10","8","10","10","3","10","10","10","8","2","0",4,Puenta Agua de Oro
-31.068369,-64.302444,80,06-12-2024,"4","0","10","8","10","10","10","10","10","10","0","10","0",4,Puenta Agua de Oro
-31.068455,-64.302574,80.9,06-12-2024,"4","0","10","10","10","10","10","10","10","10","0","10","0",4,Puenta Agua de Oro
-31.068378,-64.301971,80,07-03-2025,"4","0","8","10","10","10","10","10","10","10","0","10","0",4,Puenta Agua de Oro
-31.068497,-64.302246,91.7,07-03-2025,"10","0","10","10","10","10","6","10","10","10","8","10","0",4,Puenta Agua de Oro
-31.068428,-64.302315,82.6,07-03-2025,"4","0","10","8","10","10","10","10","10","10","8","10","0",4,Puenta Agua de Oro
-31.06855,-64.302383,92.5,07-03-2025,"10","0","10","10","10","10","6","10","10","10","10","10","0",4,Puenta Agua de Oro
-31.068485,-64.302528,90,07-03-2025,"10","0","10","8","10","10","6","10","10","10","0","10","0",4,Puenta Agua de Oro
-31.068422,-64.302299,95,07-03-2025,"10","0","10","10","10","10","10","10","10","10","8","10","0",4,Puenta Agua de Oro
-31.068331,-64.301537,87.8,07-03-2025,"10","0","10","10","10","10","6","10","10","10","0","10","0",4,Puenta Agua de Oro
-31.068506,-64.302376,88.7,07-03-2025,"10","0","10","10","10","10","3","10","10","10","8","10","0",4,Puenta Agua de Oro
-31.063171,-64.294785,74.2,30-05-2024,"4","0","10","10","10","10","10","10","10","10","0","0","0",5,Camping El Algarrobo
-31.063349,-64.29509,77.5,30-05-2024,"4","0","10","10","10","10","10","10","10","10","8","2","0",5,Camping El Algarrobo
-31.06325,-64.294868,76.7,30-05-2024,"4","0","10","8","10","10","10","10","10","10","0","10","0",5,Camping El Algarrobo
-31.063471,-64.294243,75,30-05-2024,"4","0","10","10","10","10","10","10","10","10","0","2","0",5,Camping El Algarrobo
-31.063133,-64.294876,77.5,30-05-2024,"4","0","10","10","10","10","10","10","10","10","8","2","0",5,Camping El Algarrobo
-31.063486,-64.29512,76.7,30-05-2024,"4","0","10","8","10","10","10","10","10","10","10","2","0",5,Camping El Algarrobo
-31.063047,-64.294952,76.7,06-09-2024,"4","0","10","8","10","10","10","10","10","10","0","10","0",5,Camping El Algarrobo
-31.063046,-64.294922,71.7,06-09-2024,"4","0","4","8","10","10","10","10","10","10","0","10","0",5,Camping El Algarrobo
-31.063051,-64.294945,72.5,06-09-2024,"4","0","10","8","10","10","10","10","10","10","0","2","0",5,Camping El Algarrobo
-31.063082,-64.29496,70,06-09-2024,"4","0","10","8","10","10","7","10","10","10","0","2","0",5,Camping El Algarrobo
-31.063042,-64.294907,68.3,06-09-2024,"4","0","10","10","10","10","3","10","10","10","0","2","0",5,Camping El Algarrobo
-31.063614,-64.294373,76.7,06-09-2024,"4","0","10","8","10","10","10","10","10","10","0","10","0",5,Camping El Algarrobo
-31.063015,-64.294945,76.7,06-09-2024,"4","0","10","8","10","10","10","10","10","10","8","2","2",5,Camping El Algarrobo
-31.062944,-64.294899,74.2,06-09-2024,"4","0","10","10","10","10","10","10","10","10","0","2","0",5,Camping El Algarrobo
-31.063011,-64.294914,70,06-09-2024,"4","0","10","8","10","10","3","10","10","10","8","2","0",5,Camping El Algarrobo
-31.062998,-64.294937,73.9,06-09-2024,"4","0","8","8","10","10","10","10","10","10","0","0","0",5,Camping El Algarrobo
-31.063009,-64.29496,62.5,06-09-2024,"4","0","8","0","10","10","3","10","10","10","0","10","0",5,Camping El Algarrobo
-31.063046,-64.294395,81.7,06-12-2024,"4","0","10","10","10","10","10","10","10","10","10","2","0",5,Camping El Algarrobo
-31.063093,-64.294922,73.3,06-12-2024,"4","0","10","8","10","10","6","10","10","10","0","2","0",5,Camping El Algarrobo
-31.063457,-64.29425,90,06-12-2024,"10","0","10","8","10","10","10","10","10","10","8","10","0",5,Camping El Algarrobo
-31.063063,-64.294937,81.7,06-12-2024,"4","0","10","10","10","10","10","10","10","10","8","2","0",5,Camping El Algarrobo
-31.063412,-64.294312,77.8,06-12-2024,"10","0","10","10","10","10","3","0","0","10","10","2","0",5,Camping El Algarrobo
-31.063063,-64.294945,77.5,06-12-2024,"4","0","10","10","0","10","10","10","10","10","0","10","0",5,Camping El Algarrobo
-31.063049,-64.294952,82.5,06-12-2024,"4","0","10","10","10","10","6","10","10","10","10","10","0",5,Camping El Algarrobo
-31.062748,-64.294853,85.6,06-12-2024,"10","10","10","10","10","10","10","10","10","10","0","2","0",5,Camping El Algarrobo
-31.063093,-64.29493,85.6,06-12-2024,"10","10","10","10","10","10","10","10","10","10","0","2","0",5,Camping El Algarrobo
-31.062832,-64.295479,0,06-12-2024,NA,NA,NA,NA,NA,NA,NA,NA,NA,NA,NA,NA,NA,5,Camping El Algarrobo
-31.062555,-64.294708,85,26-08-2024,"10","0","10","10","10","10","10","10","10","10","0","2","0",5,Camping El Algarrobo
-31.062855,-64.294418,76.5,06-12-2024,"4","0","10","10","10","10","10","10","10","10","0","0","0",5,Camping El Algarrobo
-31.062857,-64.295471,85.6,06-12-2024,"10","10","10","10","10","10","10","10","10","10","0","2","0",5,Camping El Algarrobo
-31.062941,-64.295013,73,07-03-2025,"4","0","10","8","10","10","3","10","10","10","8","2","0",5,Camping El Algarrobo
-31.062941,-64.295013,73,07-03-2025,"4","0","10","8","10","10","3","10","10","10","8","2","0",5,Camping El Algarrobo
-31.062941,-64.295013,73,07-03-2025,"4","0","10","8","10","10","3","10","10","10","8","2","0",5,Camping El Algarrobo
-31.06311,-64.294937,76.7,07-03-2025,"4","0","10","8","10","10","10","10","10","10","8","2","0",5,Camping El Algarrobo
-31.063091,-64.294937,62.5,07-03-2025,"4","0","8","8","10","0","0","10","10","10","0","10","0",5,Camping El Algarrobo
-31.063066,-64.29493,85,07-03-2025,"10","0","10","10","10","10","6","10","10","10","10","2","0",5,Camping El Algarrobo
-31.063133,-64.294968,88.3,07-03-2025,"10","0","10","10","10","10","6","10","10","10","8","2","0",5,Camping El Algarrobo
-31.063101,-64.294952,87.8,07-03-2025,"10","0","10","10","10","10","10","10","10","10","0","2","0",5,Camping El Algarrobo
-31.012009,-64.262375,63.5,09-06-2022,"4","0","4","0","10","10","10","10","10","10","0","2","0",,
-31.005165,-64.255386,64.3,16-07-2022,"4","0","8","0","10","10","3","10","10","10","0","10","0",,
-31.00643,-64.270882,64.3,09-06-2022,"4","0","8","0","10","10","3","10","10","10","0","10","0",,
-31.009647,-64.269661,74.8,11-10-2022,"10","0","10","0","10","10","6","10","10","10","0","0","0",,
-31.168734,-64.316986,78.3,28-10-2022,"4","0","4","8","10","10","6","10","10","10","8","10","10",,
-31.006487,-64.237396,65.2,02-07-2022,"10","0","10","0","10","10","5","10","10","0","0","0","0",,
-31.008446,-64.264252,89.6,03-06-2023,"10","0","10","8","10","10","10","10","10","10","0","10","0",,
-31.008369,-64.263855,67,03-06-2023,"4","0","10","8","10","10","5","10","10","0","0","10","2",,
-31.007965,-64.263275,76.5,03-06-2023,"10","0","10","8","10","10","10","10","0","10","10","10","10",,
-31.006416,-64.262299,87,03-06-2023,"10","0","10","8","10","10","7","10","10","10","0","10","0",,
-31.007811,-64.263023,82.6,03-06-2023,"10","0","10","0","10","10","10","10","10","10","0","10","0",,
-31.006895,-64.267387,66.1,02-06-2023,"2","0","4","10","10","10","3","10","10","10","0","10","0",,
-31.005934,-64.300369,85.2,09-05-2023,"10","0","4","8","10","10","10","10","10","10","0","10","2",,
-31.005869,-64.299957,89.6,09-05-2023,"10","0","10","8","10","10","10","10","10","10","8","2","0",,
-31.006231,-64.237915,86.1,19-04-2023,"10","0","10","8","10","10","10","10","10","10","0","2","0",,
-31.012684,-64.289299,93,19-04-2023,"10","0","10","8","10","10","10","10","10","10","8","10","0",,
-31.006227,-64.300842,83.5,09-05-2023,"10","0","8","8","10","10","10","10","10","10","0","0","0",,
-31.00588,-64.300362,83.5,09-05-2023,"10","0","8","8","10","10","10","10","10","10","0","0","0",,
-31.14732,-64.349953,92.2,07-09-2023,"10","0","10","10","10","10","10","10","10","10","0","10","2",,
-31.152443,-64.322792,77.4,07-09-2023,"4","0","8","10","10","10","3","10","10","10","0","10","10",,
-31.07449,-64.315956,77.4,13-08-2023,"4","0","8","10","10","10","3","10","10","10","0","10","10",,
-31.07449,-64.315956,77.4,13-08-2023,"4","0","8","10","10","10","3","10","10","10","0","10","10",,
-31.07449,-64.315956,77.4,13-08-2023,"4","0","8","10","10","10","3","10","10","10","0","10","10",,
-31.147455,-64.349838,95.8,07-09-2023,"10","0","10","10","10","10","10","10","10","10","8","10","2",,
-31.007299,-64.26844,74.2,16-09-2023,"4","0","10","0","10","10","10","10","10","10","0","2","10",,
-31.008356,-64.269066,73.3,22-11-2023,"4","0","10","0","10","10","10","10","10","10","8","2","0",,
-31.006502,-64.268745,69.2,22-11-2023,"2","0","10","0","10","10","10","10","10","10","8","0","0",,
-31.068277,-64.307388,70.8,27-10-2023,"10","0","10","10","10","0","3","10","10","0","10","2","0",,
-31.007135,-64.269325,67.5,16-09-2023,"2","0","8","8","10","10","6","10","10","0","8","2","10",,
-31.007542,-64.265526,79.2,16-09-2023,"2","0","10","10","10","10","10","10","10","10","0","2","10",,
-31.008312,-64.267204,79.2,16-09-2023,"2","0","10","10","10","10","10","10","10","10","0","2","10",,
-31.007147,-64.269341,72.5,16-09-2023,"10","0","8","8","10","0","6","10","10","0","0","10","0",,
-31.007086,-64.269363,67.5,16-09-2023,"4","0","10","8","10","10","5","10","10","0","0","10","0",,
-31.007153,-64.269302,78.3,16-09-2023,"10","0","10","8","10","10","10","10","10","0","0","2","0",,
-31.008387,-64.269157,66.7,16-09-2023,"4","0","8","8","10","10","6","10","10","0","0","10","0",,
-31.007154,-64.26931,55.8,16-09-2023,"4","0","8","8","10","0","3","10","10","0","0","0","0",,
-31.013895,-64.27932,86.7,17-09-2023,"10","0","10","8","10","10","10","10","10","10","0","2","0",,
-31.008387,-64.269157,66.7,16-09-2023,"4","0","8","8","10","10","6","10","10","0","0","10","0",,
-31.069315,-64.298882,77.4,27-10-2023,"10","0","10","10","10","0","3","0","10","10","8","2","0",,
-31.069315,-64.298882,75,27-10-2023,"4","0","4","8","10","10","5","10","10","10","10","10","0",,
-31.068293,-64.307533,83.3,27-10-2023,"10","0","10","0","10","10","10","10","10","10","0","10","0",,
-31.068176,-64.307404,80.8,27-10-2023,"10","0","4","8","10","10","0","10","10","10","10","10","0",,
-31.068268,-64.307594,75.8,27-10-2023,"4","0","10","10","10","10","3","10","10","10","8","10","0",,
-31.068354,-64.307594,82.6,27-10-2023,"4","0","8","10","10","10","10","10","10","10","8","0","0",,
-31.068254,-64.307434,73.9,27-10-2023,"10","0","4","10","10","0","6","10","10","0","8","0","2",,
-31.068317,-64.307518,84.2,27-10-2023,"10","0","8","10","10","10","3","10","10","10","8","2","0",,
-31.068146,-64.30484,93.3,27-10-2023,"10","0","10","8","10","10","10","10","10","10","8","10","0",,
-31.068153,-64.307472,70.8,27-10-2023,"10","0","10","10","10","0","3","10","10","0","10","2","0",,
-31.067232,-64.298515,75,27-10-2023,"4","0","4","8","10","10","10","10","10","10","8","2","0",,
-31.066757,-64.321167,50,18-10-2024,"0","0","10","0","0","0","0","0","10","0","0","10","0",,
-31.012783,-64.218796,70.8,31-10-2023,"10","0","4","8","10","10","3","10","10","0","0","10","0",,
-31.012825,-64.218796,90,31-10-2023,"10","0","10","8","10","10","10","10","10","10","8","2","0",,
-31.008015,-64.219215,68.3,16-09-2023,"4","0","10","10","10","10","0","0","10","10","8","0","0",,
-31.008366,-64.219215,73.8,16-09-2023,"10","0","4","10","10","10","10",NA,NA,"0","0","10","0",,
-31.068573,-64.308029,76.7,30-01-2024,"10","0","10","0","10","10","10","10","10","10","0","2","0",,
-31.006117,-64.301262,90.8,08-12-2023,"10","0","10","8","10","10","10","10","10","10","8","2","2",,
-31.012693,-64.288239,75.7,31-10-2023,"4","0","4","10","10","10","10","10","10","10","8","2","0",,
-31.068312,-64.307472,63.3,07-03-2024,"4","0","4","8","10","0","10","0","10","10","0","10","0",,
-31.068308,-64.307411,83.3,07-03-2024,"10","0","10","8","10","10","10","10","10","10","0","2","0",,
-31.068525,-64.307198,90,07-03-2024,"10","0","10","8","10","10","10","10","10","10","0","10","0",,
-31.068253,-64.307472,79.2,07-03-2024,"10","0","10","10","10","10","10","10","10","0","0","0","0",,
-31.068647,-64.298882,80,07-03-2024,"10","0","4","10","10","10","10","10","10","10","0","2","0",,
-31.068117,-64.307663,85,07-03-2024,"10","0","10","10","10","10","10","10","10","10","0","2","0",,
-31.068359,-64.307594,74.2,07-03-2024,"10","0","10","8","10","10","10","10","10","0","0","2","0",,
-31.068411,-64.30751,82.5,07-03-2024,"10","0","10","8","10","10","10","10","10","0","8","2","2",,
-31.068249,-64.307457,85.8,07-03-2024,"10","0","10","8","10","10","6","10","10","10","8","10","0",,
-31.068382,-64.30748,75.8,07-03-2024,"10","0","4","10","10","10","10","10","10","0","10","2","0",,
-31.068356,-64.307381,65.8,07-03-2024,"4","0","10","10","10","10","10","10","10","0","0","2","0",,
-31.074224,-64.313332,77.5,10-03-2024,"10","0","10","10","10","10","3","10","10","0","0","10","0",,
-31.068348,-64.307533,62.5,07-03-2024,"4","0","10","10","10","10","6","10","10","0","0","2","0",,
-31.069752,-64.29924,82.5,01-05-2024,"4","0","10","10","10","10","6","10","10","10","10","10","0",,
-31.007893,-64.266777,65.8,05-05-2024,"4","0","10","0","10","10","6","10","10","10","0","0","0",,
-31.007893,-64.266777,65.8,05-05-2024,"4","0","10","0","10","10","6","10","10","10","0","0","0",,
-31.012777,-64.288208,80.8,31-10-2023,"10","0","8","10","10","10","3","10","10","10","0","2","0",,
-31.075556,-64.321091,76.7,21-05-2024,"10","0","10","10","10","10","10","10","10","0","0","2","0",,
-31.006304,-64.238098,57.6,05-05-2024,"6","0","10","0","10","0","10","10","10","0","0","0","0",,
-31.054699,-64.288635,60,13-01-2024,"4","0","4","0","10","10","10","10","0","10","10","2","2",,
-31.007084,-64.26741,70,14-07-2024,"4","0","10","8","10","10","3","10","10","10","0","0","0",,
-31.005989,-64.300377,82.5,15-06-2024,"10","0","10","8","10","10","10","10","10","10","0","2","0",,
-31.01305,-64.288536,84.2,15-06-2024,"10","0","10","10","10","10","10","10","10","10","0","2","0",,
-31.012901,-64.288528,74.4,21-07-2024,"10","4","10","10","10","10","6","10","10","0","0","10","0",,
-31.067963,-64.307388,76.7,07-03-2024,"10","0","10","10","10","10","10","10","10","0","0","2","0",,
-31.150084,-64.34034,90,14-08-2024,"10","0","4","10","10","10","10","10","10","10","8","10","0",,
-31.150175,-64.340401,89.1,14-08-2024,"10","0","10","10","10","10","3","10","10","10","10","0","0",,
-31.068361,-64.30751,89.5,07-03-2024,"0","0","10","10","10","10","6","10","10","10","8","0","0",,
-31.064524,-64.297127,83.3,06-09-2024,"4","0","10","8","10","10","10","10","10","10","8","10","0",,
-31.066778,-64.296043,60,09-09-2024,"4","0","10","10","10","10","3","10","10","0","0","2","0",,
-31.147547,-64.350616,86.7,14-08-2024,"10","0","10","8","10","10","6","10","10","10","0","10","0",,
-31.006157,-64.238174,29.4,11-09-2024,"10","0","4","0","0","0","0","0","0","0","0","2","0",,
-31.235275,-64.32296,56.7,04-12-2024,"4","0","4","0","10","10","3","10","10","10","0","2","2",,
-31.063976,-64.299858,77.3,20-08-2024,"10","0","10","0","10","10","6","0","0","10","0","0","2",,
-31.069439,-64.298752,73.3,27-09-2024,"4","0","10","10","10","10","3","10","10","10","10","2","0",,
-31.075426,-64.320702,85,14-07-2024,"10","0","10","10","10","10","10","10","10","10","0","2","0",,
-31.068357,-64.306236,80.8,03-09-2024,"10","0","10","10","10","10","6","10","10","10","0","2","0",,
-31.068136,-64.305016,85,30-08-2024,"10","0","10","10","10","10","10","10","10","10","0","2","0",,
-31.068171,-64.30677,88.3,09-08-2024,"10","0","10","10","10","10","10","10","10","10","8","2","0",,
-31.075428,-64.32058,88.3,31-05-2024,"10","0","10","10","10","10","10","10","10","10","0","2","0",,
-31.075571,-64.321068,76.7,21-05-2024,"10","0","10","10","10","10","10","10","10","0","0","2","0",,
-31.074184,-64.319008,89.2,10-05-2024,"10","0","10","10","10","10","10","10","10","10","10","2","0",,
-31.066336,-64.295425,66.7,17-04-2024,"0","0","10","10","10","10","10","10","10","10","0","0","0",,
-31.067299,-64.295204,75,17-04-2024,"0","0","10","10","10","10","10","10","10","10","10","0","0",,
-31.068647,-64.298882,81.7,07-03-2024,"10","0","10","8","10","10","10","10","10","0","0","10","0",,
